ID	Pos	Label	Pval	ReadR	ReadV	Depth	EFold	EFreq	MFreq	Type
D_2_2_891884_SNP	891884	TP	0.0000000000000000000000000000000000000000000000000000000000000000000000000000000000000000000000000000000000000000000000000000000000000000000000000000000000000000000000000000000000000000000000000000000000000000000000000000000000000000000000000000000000000000000000000000000000000000000000000000000000000000000000	2996	1534	4530	2	0.33333	0.338631	SNP
D_2_5_8184757_SNP	8184757	TP	0.0000000000000000000000000000000000000000000000000000000000001102770000000000000024412288271056276414349151879129025528944562660907040847076242386521938768562696788124265439404327556503038031096310278306786576951353572274502640865323499497208104003220796585083007812500000000000000000000000000000000000000000000	3739	216	3955	16	0.05882	0.0546144	SNP
D_3_6_1515306_SNP	1515306	TP	0.0000000000023593799999999999999579603333202128472667852781110078841386723524919943884015083312988281250000000000000000000000000000000000000000000000000000000000000000000000000000000000000000000000000000000000000000000000000000000000000000000000000000000000000000000000000000000000000000000000000000000000000000	3433	50	3483	32	0.0303	0.0143554	SNP
D_2_5_8184985_Indel	8184985	TP	0.0001350410000000000000020706702953850186776918462783214636147022247314453125000000000000000000000000000000000000000000000000000000000000000000000000000000000000000000000000000000000000000000000000000000000000000000000000000000000000000000000000000000000000000000000000000000000000000000000000000000000000000000	2993	21	3014	16	0.05882	0.00696749	Indel
D_3_11_4194956_SNP	4194956	FN	NA	NA	NA	NA	1024	0.00098	NA	SNP
D_2_5_8184955_Indel	8184955	TP	0.0000000000000000000000000000000000000112854999999999999999571774447919537055956470387011096932993167259942622468340002451591645355799769264758063667952736608413033536635339260101318359375000000000000000000000000000000000000000000000000000000000000000000000000000000000000000000000000000000000000000000000000000	3372	140	3512	16	0.05882	0.0398633	Indel
D_1_8_7955974_SNP	7955974	TP	0.1130949999999999999993754995486483494460117071866989135742187500000000000000000000000000000000000000000000000000000000000000000000000000000000000000000000000000000000000000000000000000000000000000000000000000000000000000000000000000000000000000000000000000000000000000000000000000000000000000000000000000000000	3455	8	3463	128	0.00775	0.00231014	SNP
D_3_3_7622693_Indel	7622693	TP	0.0000000000000000000000000000000000000000000000000000000000000000000000000000000000000000000000000000000000000000000000000000000000000000000000000000000000000000000000000000000000000108802000000000000003102743964860686275396377742611550716999507990302468879065953887366914344066971121305028274757467825845299389	3475	599	4074	4	0.2	0.14703	Indel
D_3_9_6472740_Indel	6472740	FN	NA	NA	NA	NA	256	0.00389	NA	Indel
D_1_7_2052771_Indel	2052771	FN	NA	NA	NA	NA	64	0.01538	NA	Indel
D_1_9_3097484_SNP	3097484	TP	0.0035667900000000000000510854379631719979215631610713899135589599609375000000000000000000000000000000000000000000000000000000000000000000000000000000000000000000000000000000000000000000000000000000000000000000000000000000000000000000000000000000000000000000000000000000000000000000000000000000000000000000000000	4536	17	4553	256	0.00389	0.0037338	SNP
D_3_3_7622609_SNP	7622609	TP	0.0000000000000000000000000000000000000000000000000000000000000000000000000000000000000000000000000000000000000000000033027899999999999999485426708783730750148559136861466028498254674228529425465748555832629675273241922476287521337798652766921158792146267300672993228856105744996722537077508470129511586448427810	2128	379	2507	4	0.2	0.151177	SNP
D_1_5_4105944_SNP	4105944	TP	0.0000000000000000000000000000000000000000000000000000000000000000000000000000000000000338294999999999999991112854991882961069639470812796515503645394819492505626694913706848133313422283522305912809754332812860753548512704449886510587558103038840938900793632466300081509577641520081486434812391910536233613580187	4170	301	4471	16	0.05882	0.0673227	SNP
D_1_2_6918928_Indel	6918928	TP	0.0000000000000000000000000000000000000000000000000000000000000000000000000000000000000000000000000000000000000000000000000000000000000000000000000000000000000000000000000000000000000000000000000000000000000000000000000000000000000000000000000000000000000000000000000000000000000000000000000000000000000000000000	3407	1232	4639	2	0.33333	0.265574	Indel
D_3_8_1057158_SNP	1057158	TP	0.0000012249699999999999999877375315511702797560689148781420954037457704544067382812500000000000000000000000000000000000000000000000000000000000000000000000000000000000000000000000000000000000000000000000000000000000000000000000000000000000000000000000000000000000000000000000000000000000000000000000000000000000	3851	29	3880	128	0.00775	0.00747423	SNP
D_2_4_1019157_Indel	1019157	FN	NA	NA	NA	NA	8	0.11111	NA	Indel
D_1_9_3097598_SNP	3097598	TP	0.3768799999999999999979356790635875995576498098671436309814453125000000000000000000000000000000000000000000000000000000000000000000000000000000000000000000000000000000000000000000000000000000000000000000000000000000000000000000000000000000000000000000000000000000000000000000000000000000000000000000000000000000	4203	6	4209	256	0.00389	0.00142552	SNP
D_1_5_4106263_Indel	4106263	TP	0.0000000000000000000000000000000000000000000000000000000000000000201786000000000000007950639314563504874696437039094094761449120785946644923262153298622926215789421664799493535445737500671611458434258726423263925262883244237338530239068805360869163223469513468444347381591796875000000000000000000000000000000000	3611	228	3839	16	0.05882	0.0593905	Indel
D_2_6_4068294_Indel	4068294	TP	0.0000000000000000360969999999999999998429739250140109325972225493515621949506058663281748977169627323746681213378906250000000000000000000000000000000000000000000000000000000000000000000000000000000000000000000000000000000000000000000000000000000000000000000000000000000000000000000000000000000000000000000000000	3392	67	3459	32	0.0303	0.0193698	Indel
D_1_6_6397128_Indel	6397128	FN	NA	NA	NA	NA	32	0.0303	NA	Indel
D_1_10_641862_SNP	641862	TP	0.2118280000000000000019489618252599427705717971548438072204589843750000000000000000000000000000000000000000000000000000000000000000000000000000000000000000000000000000000000000000000000000000000000000000000000000000000000000000000000000000000000000000000000000000000000000000000000000000000000000000000000000000	5590	9	5599	512	0.00195	0.00160743	SNP
D_1_10_642244_SNP	642244	TP	0.3632039999999999999925372196063477758798399008810520172119140625000000000000000000000000000000000000000000000000000000000000000000000000000000000000000000000000000000000000000000000000000000000000000000000000000000000000000000000000000000000000000000000000000000000000000000000000000000000000000000000000000000	3543	5	3548	512	0.00195	0.00140924	SNP
D_2_12_3819327_Indel	3819327	FN	NA	NA	NA	NA	2048	0.00049	NA	Indel
D_1_12_2831287_SNP	2831287	FN	NA	NA	NA	NA	2048	0.00049	NA	SNP
D_2_4_1019515_Indel	1019515	TP	0.0000000000000000000000000000000000000000000000000000000000000000000000000000000000000000000000000000000000000000000000000000000000000000000000000000000000000000000000000000000000000000000000000000000001152599999999999999961564336043613398607004576909878470605832924718788656420739491550525415980853687348941125	5280	677	5957	8	0.11111	0.113648	Indel
D_1_9_3097253_Indel	3097253	FN	NA	NA	NA	NA	256	0.00389	NA	Indel
D_1_10_641708_SNP	641708	TP	0.6367740000000000000148110690378899789720890112221240997314453125000000000000000000000000000000000000000000000000000000000000000000000000000000000000000000000000000000000000000000000000000000000000000000000000000000000000000000000000000000000000000000000000000000000000000000000000000000000000000000000000000000	4938	4	4942	512	0.00195	0.000809389	SNP
D_2_1_2594005_SNP	2594005	FN	NA	NA	NA	NA	1	0.5	NA	SNP
D_1_1_6975161_Indel	6975161	FN	NA	NA	NA	NA	1	0.5	NA	Indel
D_2_7_2232344_Indel	2232344	TP	0.0000239235999999999999999994440075734222772574355531105538830161094665527343750000000000000000000000000000000000000000000000000000000000000000000000000000000000000000000000000000000000000000000000000000000000000000000000000000000000000000000000000000000000000000000000000000000000000000000000000000000000000000	3709	24	3733	64	0.01538	0.00642915	Indel
D_3_5_7058673_Indel	7058673	FN	NA	NA	NA	NA	16	0.05882	NA	Indel
D_1_7_2052911_Indel	2052911	TP	0.0000000000004724519999999999999933574576584542076996827877205780560343484353325038682669401168823242187500000000000000000000000000000000000000000000000000000000000000000000000000000000000000000000000000000000000000000000000000000000000000000000000000000000000000000000000000000000000000000000000000000000000000	2426	49	2475	64	0.01538	0.019798	Indel
D_1_6_6397471_Indel	6397471	TP	0.0000000000000000006649560000000000000036683491768798073087961286290744674055288687512799139511798784951679408550262451171875000000000000000000000000000000000000000000000000000000000000000000000000000000000000000000000000000000000000000000000000000000000000000000000000000000000000000000000000000000000000000000	3174	73	3247	32	0.0303	0.0224823	Indel
D_2_4_1019160_Indel	1019160	FN	NA	NA	NA	NA	8	0.11111	NA	Indel
D_3_4_8289084_SNP	8289084	TP	0.0000000000000000000000000000000000000000000000000000000000000000000000000000000000000000000000000000000000000000000000000000000000000000000000000000000000000028022899999999999999349959223274238726349237416207963046130861245692618511097992443645053974311336809446936457649744113753696173219728809009749355365307	4224	532	4756	8	0.11111	0.111859	SNP
D_1_12_2831233_Indel	2831233	FN	NA	NA	NA	NA	2048	0.00049	NA	Indel
D_1_5_4106220_SNP	4106220	TP	0.0000000000000000000000000000000000000000000000000000000000000054868099999999999999528417913392382701892750535893699457656038234779357993116350299050014223050870359500213959609383966863548099358160081980738327946103253446616621015127779337205993215320631861686706542968750000000000000000000000000000000000000000	3533	220	3753	16	0.05882	0.0586198	SNP
D_1_8_7955251_SNP	7955251	TP	0.0000052854800000000000001439301507973967178544150158359116176143288612365722656250000000000000000000000000000000000000000000000000000000000000000000000000000000000000000000000000000000000000000000000000000000000000000000000000000000000000000000000000000000000000000000000000000000000000000000000000000000000000	4546	29	4575	128	0.00775	0.0063388	SNP
D_3_11_4194690_Indel	4194690	FN	NA	NA	NA	NA	1024	0.00098	NA	Indel
D_1_11_554567_Indel	554567	FN	NA	NA	NA	NA	1024	0.00098	NA	Indel
D_2_10_7173446_SNP	7173446	TP	0.0382680999999999999995256832335810415202104195486754179000854492187500000000000000000000000000000000000000000000000000000000000000000000000000000000000000000000000000000000000000000000000000000000000000000000000000000000000000000000000000000000000000000000000000000000000000000000000000000000000000000000000000	4205	12	4217	512	0.00195	0.00284562	SNP
D_1_11_554474_SNP	554474	TP	0.3632119999999999999972574021844806679837347473949193954467773437500000000000000000000000000000000000000000000000000000000000000000000000000000000000000000000000000000000000000000000000000000000000000000000000000000000000000000000000000000000000000000000000000000000000000000000000000000000000000000000000000000	3965	5	3970	1024	0.00098	0.00125945	SNP
D_2_12_3819479_SNP	3819479	TP	0.6367799999999999999980224152373864399123704060912132263183593750000000000000000000000000000000000000000000000000000000000000000000000000000000000000000000000000000000000000000000000000000000000000000000000000000000000000000000000000000000000000000000000000000000000000000000000000000000000000000000000000000000	4470	4	4474	2048	0.00049	0.000894055	SNP
D_1_3_373892_SNP	373892	TP	0.0000000000000000000000000000000000000000000000000000000000000000000619281999999999999985382888100427291726712513968364555460766022692711352945279550969008260187671618301526568779694207900419201887860879852941082185248931525498753599578628627263070238750941598482313565909862518310546875000000000000000000000000	1604	220	1824	4	0.2	0.120614	SNP
D_3_2_1985108_Indel	1985108	TP	0.0000000000000000000000000000000000000000000000000000000000000000000000000000000000000000000000000000000000000000000000000000000000000000000000000000000000000000000000000000000000000000000000000000000000000000000000000000000000000000000000000000000000000000000000000000000000000000000000000000000000000000000000	2542	1021	3563	2	0.33333	0.286556	Indel
D_2_3_1817279_SNP	1817279	TP	0.0000000000000000000000000000000000000000000000000000000000000000000000000000000000000000000000000000000000000000000000000005930299999999999999948014374243567090277540868266491902402098410891210550899221704945079177514112820153248385220718775458809570239174577949279616368388198833924822501069265595634660216330	1748	395	2143	4	0.2	0.184321	SNP
D_1_7_2052782_SNP	2052782	TP	0.0000000265331000000000000000598147324068658346567228800694238088908605277538299560546875000000000000000000000000000000000000000000000000000000000000000000000000000000000000000000000000000000000000000000000000000000000000000000000000000000000000000000000000000000000000000000000000000000000000000000000000000000	4445	38	4483	64	0.01538	0.00847647	SNP
D_3_10_2446499_Indel	2446499	TP	0.0031359399999999999999072849933209883310780696774600073695182800292968750000000000000000000000000000000000000000000000000000000000000000000000000000000000000000000000000000000000000000000000000000000000000000000000000000000000000000000000000000000000000000000000000000000000000000000000000000000000000000000000	1897	11	1908	512	0.00195	0.0057652	Indel
D_3_2_1985180_SNP	1985180	TP	0.0000000000000000000000000000000000000000000000000000000000000000000000000000000000000000000000000000000000000000000000000000000000000000000000000000000000000000000000000000000000000000000000000000000000000000000000000000000000000000000000000000000000000000000000000000000000000000000000000000000000000000000000	1986	957	2943	2	0.33333	0.325178	SNP
D_2_1_2593889_SNP	2593889	TP	0.0000000000000000000000000000000000000000000000000000000000000000000000000000000000000000000000000000000000000000000000000000000000000000000000000000000000000000000000000000000000000000000000000000000000000000000000000000000000000000000000000000000000000000000000000000000000000000000000000000000000000000000000	2342	1632	3974	1	0.5	0.410669	SNP
D_1_11_553866_Indel	553866	FN	NA	NA	NA	NA	1024	0.00098	NA	Indel
D_3_9_6473025_Indel	6473025	FN	NA	NA	NA	NA	256	0.00389	NA	Indel
D_1_5_4106099_Indel	4106099	TP	0.0000000000000000000000000000000000000000000000000000000000056666200000000000000119540543674968753532234726111861778169540189504658264819289664641289703477105891657504690755226888709688912095980711757440544186360002678216202243177690434094984084367752075195312500000000000000000000000000000000000000000000000000	3367	210	3577	16	0.05882	0.0587084	Indel
D_3_12_631340_Indel	631340	FN	NA	NA	NA	NA	2048	0.00049	NA	Indel
D_3_10_2446948_SNP	2446948	TP	0.0382612000000000000012143498012706643862657074350863695144653320312500000000000000000000000000000000000000000000000000000000000000000000000000000000000000000000000000000000000000000000000000000000000000000000000000000000000000000000000000000000000000000000000000000000000000000000000000000000000000000000000000	4006	12	4018	512	0.00195	0.00298656	SNP
D_1_1_6975284_SNP	6975284	TP	0.0000000000000000000000000000000000000000000000000000000000000000000000000000000000000000000000000000000000000000000000000000000000000000000000000000000000000000000000000000000000000000000000000000000000000000000000000000000000000000000000000000000000000000000000000000000000000000000000000000000000000000000000	1646	1294	2940	1	0.5	0.440136	SNP
D_3_8_1056944_SNP	1056944	TP	0.0011577699999999999999871213044941309355806424719048663973808288574218750000000000000000000000000000000000000000000000000000000000000000000000000000000000000000000000000000000000000000000000000000000000000000000000000000000000000000000000000000000000000000000000000000000000000000000000000000000000000000000000	2694	15	2709	128	0.00775	0.0055371	SNP
D_3_6_1515984_SNP	1515984	TP	0.0000000000000000000000000000000000000435381999999999999999943657014031423400751270481603185923392402701584444491503247567636751519080689703973259096353443098337265837471932172775268554687500000000000000000000000000000000000000000000000000000000000000000000000000000000000000000000000000000000000000000000000000	3288	138	3426	32	0.0303	0.0402802	SNP
D_3_3_7623237_SNP	7623237	TP	0.0000000000000000000000000000000000000000000000000000000000000000000000000000000000000000000000000000000000000000000000000000000000000000000000000000002215299999999999999968013496247509580794396632096379926652523746585184049009922980068407192630840546721753551753633907951017549335431741462399327608160940965700	2765	493	3258	4	0.2	0.15132	SNP
D_2_7_2232336_Indel	2232336	TP	0.0000239024000000000000004161535550298474384067759501704131253063678741455078125000000000000000000000000000000000000000000000000000000000000000000000000000000000000000000000000000000000000000000000000000000000000000000000000000000000000000000000000000000000000000000000000000000000000000000000000000000000000000	3597	24	3621	64	0.01538	0.006628	Indel
D_3_5_7059223_SNP	7059223	TP	0.0000000000000000000000000000000000022502100000000000000218362371333198251833506752219266111470504681228467929795323588525505471837979054247624866036403545876964926719665527343750000000000000000000000000000000000000000000000000000000000000000000000000000000000000000000000000000000000000000000000000000000000000	2217	127	2344	16	0.05882	0.0541809	SNP
D_1_12_2831027_SNP	2831027	TP	0.2537419999999999999920272109044105945940827950835227966308593750000000000000000000000000000000000000000000000000000000000000000000000000000000000000000000000000000000000000000000000000000000000000000000000000000000000000000000000000000000000000000000000000000000000000000000000000000000000000000000000000000000	2999	6	3005	2048	0.00049	0.00199667	SNP
D_1_2_6919059_SNP	6919059	TP	0.0000000000000000000000000000000000000000000000000000000000000000000000000000000000000000000000000000000000000000000000000000000000000000000000000000000000000000000000000000000000000000000000000000000000000000000000000000000000000000000000000000000000000000000000000000000000000000000000000000000000000000000000	2657	1291	3948	2	0.33333	0.327001	SNP
D_3_9_6473346_SNP	6473346	TP	0.3632070000000000000112479470182336172001669183373451232910156250000000000000000000000000000000000000000000000000000000000000000000000000000000000000000000000000000000000000000000000000000000000000000000000000000000000000000000000000000000000000000000000000000000000000000000000000000000000000000000000000000000	3656	5	3661	256	0.00389	0.00136575	SNP
D_2_1_2594002_Indel	2594002	FN	NA	NA	NA	NA	1	0.5	NA	Indel
D_1_6_6396892_SNP	6396892	TP	0.0000000000000000027591099999999999999340797076438646334178585754643850778283515473576770204999775160104036331176757812500000000000000000000000000000000000000000000000000000000000000000000000000000000000000000000000000000000000000000000000000000000000000000000000000000000000000000000000000000000000000000000000	2607	67	2674	32	0.0303	0.0250561	SNP
D_2_10_7173857_SNP	7173857	FN	NA	NA	NA	NA	512	0.00195	NA	SNP
D_2_3_1817403_SNP	1817403	TP	0.0000000000000000000000000000000000000000000000000000000000000000000000000000000000000000001636150000000000000053704081198374550125444586948968164429894156895604855812680866950625819042110049089068793230745427103990502319146765448470511785130204334901205781319125192368559621677633851390324307599757091999885121	1366	289	1655	4	0.2	0.174622	SNP
D_2_3_1817382_Indel	1817382	FN	NA	NA	NA	NA	4	0.2	NA	Indel
D_3_10_2446621_SNP	2446621	TP	0.5000000000000000000000000000000000000000000000000000000000000000000000000000000000000000000000000000000000000000000000000000000000000000000000000000000000000000000000000000000000000000000000000000000000000000000000000000000000000000000000000000000000000000000000000000000000000000000000000000000000000000000000	2752	3	2755	512	0.00195	0.00108893	SNP
D_3_8_1057125_Indel	1057125	FN	NA	NA	NA	NA	128	0.00775	NA	Indel
D_3_7_6851067_SNP	6851067	TP	0.0000000023520600000000000000975538991115223485021089311342024075202061794698238372802734375000000000000000000000000000000000000000000000000000000000000000000000000000000000000000000000000000000000000000000000000000000000000000000000000000000000000000000000000000000000000000000000000000000000000000000000000000	4351	42	4393	64	0.01538	0.00956066	SNP
D_3_10_2446761_Indel	2446761	FN	NA	NA	NA	NA	512	0.00195	NA	Indel
D_1_3_373899_Indel	373899	TP	0.0000000000000000000000000000000000000000000035039300000000000001287986904799874871887228870086770962409616753750529030935377634460819134606661454178047155944573526014751245483136443681360105983912944793701171875000000000000000000000000000000000000000000000000000000000000000000000000000000000000000000000000000	2503	156	2659	4	0.2	0.0586687	Indel
D_1_12_2831605_SNP	2831605	FN	NA	NA	NA	NA	2048	0.00049	NA	SNP
D_3_9_6473134_SNP	6473134	TP	0.6875880000000000000248169540473242022926569916307926177978515625000000000000000000000000000000000000000000000000000000000000000000000000000000000000000000000000000000000000000000000000000000000000000000000000000000000000000000000000000000000000000000000000000000000000000000000000000000000000000000000000000000	2135	2	2137	256	0.00389	0.000935891	SNP
D_1_9_3097487_Indel	3097487	FN	NA	NA	NA	NA	256	0.00389	NA	Indel
D_2_9_1977560_SNP	1977560	TP	0.6855519999999999999754952961783516229843371547758579254150390625000000000000000000000000000000000000000000000000000000000000000000000000000000000000000000000000000000000000000000000000000000000000000000000000000000000000000000000000000000000000000000000000000000000000000000000000000000000000000000000000000000	9164	8	9172	256	0.00389	0.00087222	SNP
D_1_11_554371_SNP	554371	TP	0.6563099999999999999947437878677902745039318688213825225830078125000000000000000000000000000000000000000000000000000000000000000000000000000000000000000000000000000000000000000000000000000000000000000000000000000000000000000000000000000000000000000000000000000000000000000000000000000000000000000000000000000000	3899	3	3902	1024	0.00098	0.000768836	SNP
D_2_1_2593605_Indel	2593605	TP	0.0000000000000000000000000000000000000000000000000000000000000000000000000000000000000000000000000000000000000000000000000000000102633000000000000000066078837328868829890055039932683970529337487056893706171108562855903748672743716895184659550434831884168366978064773304471140248994483091255033387296754058776910	2410	416	2826	1	0.5	0.147205	Indel
D_2_7_2232342_Indel	2232342	TP	0.0000239170000000000000004569251471327542835076940264116274192929267883300781250000000000000000000000000000000000000000000000000000000000000000000000000000000000000000000000000000000000000000000000000000000000000000000000000000000000000000000000000000000000000000000000000000000000000000000000000000000000000000	3673	24	3697	64	0.01538	0.00649175	Indel
D_1_6_6397488_SNP	6397488	TP	0.0000000000000000000000000043543700000000000001515023105752882239274790207212725235651468114555529519096147591898648965269558175350539386272430419921875000000000000000000000000000000000000000000000000000000000000000000000000000000000000000000000000000000000000000000000000000000000000000000000000000000000000000	3108	101	3209	32	0.0303	0.031474	SNP
D_3_7_6850858_SNP	6850858	TP	0.0000016616799999999999999786930386777485807447973797934537287801504135131835937500000000000000000000000000000000000000000000000000000000000000000000000000000000000000000000000000000000000000000000000000000000000000000000000000000000000000000000000000000000000000000000000000000000000000000000000000000000000000	4219	31	4250	64	0.01538	0.00729412	SNP
D_3_6_1515557_Indel	1515557	TP	0.0000000000000000494886000000000000001599830256994897251616287424547578906283869237814343478021328337490558624267578125000000000000000000000000000000000000000000000000000000000000000000000000000000000000000000000000000000000000000000000000000000000000000000000000000000000000000000000000000000000000000000000000	4024	70	4094	32	0.0303	0.0170982	Indel
D_2_9_1977851_SNP	1977851	TP	0.9648830000000000000053707038816241947642993181943893432617187500000000000000000000000000000000000000000000000000000000000000000000000000000000000000000000000000000000000000000000000000000000000000000000000000000000000000000000000000000000000000000000000000000000000000000000000000000000000000000000000000000000	6934	2	6936	256	0.00389	0.000288351	SNP
D_3_10_2446475_Indel	2446475	FN	NA	NA	NA	NA	512	0.00195	NA	Indel
D_2_12_3819408_SNP	3819408	TP	0.7735279999999999999771641001622413114091614261269569396972656250000000000000000000000000000000000000000000000000000000000000000000000000000000000000000000000000000000000000000000000000000000000000000000000000000000000000000000000000000000000000000000000000000000000000000000000000000000000000000000000000000000	4551	3	4554	2048	0.00049	0.000658762	SNP
D_2_11_1050833_SNP	1050833	TP	0.7461910000000000000057107096829156489548040553927421569824218750000000000000000000000000000000000000000000000000000000000000000000000000000000000000000000000000000000000000000000000000000000000000000000000000000000000000000000000000000000000000000000000000000000000000000000000000000000000000000000000000000000	5073	4	5077	1024	0.00098	0.000787867	SNP
D_1_9_3097437_SNP	3097437	TP	0.5000000000000000000000000000000000000000000000000000000000000000000000000000000000000000000000000000000000000000000000000000000000000000000000000000000000000000000000000000000000000000000000000000000000000000000000000000000000000000000000000000000000000000000000000000000000000000000000000000000000000000000000	4114	5	4119	256	0.00389	0.00121389	SNP
D_3_2_1985313_Indel	1985313	FN	NA	NA	NA	NA	2	0.33333	NA	Indel
D_2_2_891889_SNP	891889	TP	0.0000000000000000000000000000000000000000000000000000000000000000000000000000000000000000000000000000000000000000000000000000000000000000000000000000000000000000000000000000000000000000000000000000000000000000000000000000000000000000000000000000000000000000000000000000000000000000000000000000000000000000000000	3062	1522	4584	2	0.33333	0.332024	SNP
D_3_6_1515791_SNP	1515791	TP	0.0000000000000000000000620421000000000000002926724330697763727678301194416621361980810318144613588892122280071816931013017892837524414062500000000000000000000000000000000000000000000000000000000000000000000000000000000000000000000000000000000000000000000000000000000000000000000000000000000000000000000000000000	3756	87	3843	32	0.0303	0.0226386	SNP
D_1_11_554025_SNP	554025	TP	0.5000000000000000000000000000000000000000000000000000000000000000000000000000000000000000000000000000000000000000000000000000000000000000000000000000000000000000000000000000000000000000000000000000000000000000000000000000000000000000000000000000000000000000000000000000000000000000000000000000000000000000000000	3591	4	3595	1024	0.00098	0.00111266	SNP
D_3_4_8289477_SNP	8289477	TP	0.0000000000000000000000000000000000000000000000000000000000000000000000000000000000000000000000000000000000000000000006681799999999999999969082798157395147616016948922273200302051070548493865180368569636058757834927013647864672682965980925195301898518801466078750934971002183435369020494823254112013812342450583	4082	402	4484	8	0.11111	0.0896521	SNP
D_2_3_1817426_SNP	1817426	TP	0.0000000000000000000000000000000000000000000000000000000000000000000000000000000000000000000000000000000000858299999999999999970514737322170736436289211038096815210709747979123420756717490833877072017535575366401794521825080541817465765746179326324937483479657560137475684192940446359734620700837577858702766246	1457	335	1792	4	0.2	0.186942	SNP
D_3_7_6851350_Indel	6851350	FN	NA	NA	NA	NA	64	0.01538	NA	Indel
D_3_1_4165467_Indel	4165467	FN	NA	NA	NA	NA	1	0.5	NA	Indel
D_3_2_1985437_SNP	1985437	TP	0.0000000000000000000000000000000000000000000000000000000000000000000000000000000000000000000000000000000000000000000000000000000000000000000000000000000000000000000000000000000000000000000000000000000000000000000000000000000000000000000000000000000000000000000000000000000000000000000000000000000000000000000000	2538	1224	3762	2	0.33333	0.325359	SNP
D_3_11_4194825_Indel	4194825	FN	NA	NA	NA	NA	1024	0.00098	NA	Indel
D_1_4_1877617_Indel	1877617	TP	0.0000000000000000000000000000000000000000000000000000000000000000000000000000000000000000000000000000000000000000000000001980389999999999999940379138514775992709644339364488884479112741671951138207223039235069395622328239489524978102420138691152712648365461041620072179715309493424766565577438395784699830772361	3346	405	3751	8	0.11111	0.107971	Indel
D_1_4_1877999_Indel	1877999	FN	NA	NA	NA	NA	8	0.11111	NA	Indel
D_1_2_6918709_SNP	6918709	TP	0.0000000000000000000000000000000000000000000000000000000000000000000000000000000000000000000000000000000000000000000000000000000000000000000000000000000000000000000000000000000000000000000000000000000000000000000000000000000000000000000000000000000000000000000000000000000000000000000000000000000000000000000000	3012	1338	4350	2	0.33333	0.307586	SNP
D_2_7_2232555_SNP	2232555	TP	0.0000131994000000000000003170587470140932145890033666546514723449945449829101562500000000000000000000000000000000000000000000000000000000000000000000000000000000000000000000000000000000000000000000000000000000000000000000000000000000000000000000000000000000000000000000000000000000000000000000000000000000000000	3005	25	3030	64	0.01538	0.00825083	SNP
D_1_8_7955474_Indel	7955474	TP	0.0036521699999999999999779516646203347818300244398415088653564453125000000000000000000000000000000000000000000000000000000000000000000000000000000000000000000000000000000000000000000000000000000000000000000000000000000000000000000000000000000000000000000000000000000000000000000000000000000000000000000000000000	2554	13	2567	128	0.00775	0.00506428	Indel
D_3_12_631710_SNP	631710	FN	NA	NA	NA	NA	2048	0.00049	NA	SNP
D_3_4_8288872_Indel	8288872	TP	0.0000000000000000000000000000000000000000000000000000000000000000000000000000000000000000000000000000000000000001802440000000000000045617816720590916321623823276335083845908097216003271390160012793570980714395757662219153912109170105942992243258094060061693475321788827032456437397403771576252160061268721861487	2443	367	2810	8	0.11111	0.130605	Indel
D_2_12_3819008_Indel	3819008	FN	NA	NA	NA	NA	2048	0.00049	NA	Indel
D_1_7_2052546_SNP	2052546	TP	0.0000000321477000000000000005052136325409069305195086663218262401642277836799621582031250000000000000000000000000000000000000000000000000000000000000000000000000000000000000000000000000000000000000000000000000000000000000000000000000000000000000000000000000000000000000000000000000000000000000000000000000000000	2852	32	2884	64	0.01538	0.0110957	SNP
D_3_12_631939_Indel	631939	FN	NA	NA	NA	NA	2048	0.00049	NA	Indel
D_2_11_1050492_Indel	1050492	FN	NA	NA	NA	NA	1024	0.00098	NA	Indel
D_3_1_4165462_SNP	4165462	TP	0.0000000000000000000000000000000000000000000000000000000000000000000000000000000000000000000000000000000000000000000000000000000000000000000000000000000000000000000000000000000000000000000000000000000000000000000000000000000000000000000000000000000000000000000000000000000000000000000000000000000000000000000000	2384	1705	4089	1	0.5	0.416972	SNP
D_2_2_891719_Indel	891719	FN	NA	NA	NA	NA	2	0.33333	NA	Indel
D_1_7_2052529_Indel	2052529	TP	0.0000007693059999999999999987514255783856414322441352737769193481653928756713867187500000000000000000000000000000000000000000000000000000000000000000000000000000000000000000000000000000000000000000000000000000000000000000000000000000000000000000000000000000000000000000000000000000000000000000000000000000000000	2773	27	2800	64	0.01538	0.00964286	Indel
D_3_9_6473018_SNP	6473018	TP	0.1332309999999999999945087328367954171426390530541539192199707031250000000000000000000000000000000000000000000000000000000000000000000000000000000000000000000000000000000000000000000000000000000000000000000000000000000000000000000000000000000000000000000000000000000000000000000000000000000000000000000000000000	4089	9	4098	256	0.00389	0.00219619	SNP
D_2_7_2232311_SNP	2232311	TP	0.0000000000084416400000000000001178324321724381580605756536690720270854626505752094089984893798828125000000000000000000000000000000000000000000000000000000000000000000000000000000000000000000000000000000000000000000000000000000000000000000000000000000000000000000000000000000000000000000000000000000000000000000	3221	48	3269	64	0.01538	0.0146834	SNP
D_1_6_6397515_SNP	6397515	TP	0.0000000000000000000000000006044519999999999999821733319761421469238321090074278704250132378061698927805545349806193300423728942405432462692260742187500000000000000000000000000000000000000000000000000000000000000000000000000000000000000000000000000000000000000000000000000000000000000000000000000000000000000000	3393	104	3497	32	0.0303	0.0297398	SNP
D_3_8_1057263_Indel	1057263	FN	NA	NA	NA	NA	128	0.00775	NA	Indel
D_3_6_1515970_Indel	1515970	FN	NA	NA	NA	NA	32	0.0303	NA	Indel
D_1_1_6975393_SNP	6975393	TP	0.0000000000000000000000000000000000000000000000000000000000000000000000000000000000000000000000000000000000000000000000000000000000000000000000000000000000000000000000000000000000000000000000000000000000000000000000000000000000000000000000000000000000000000000000000000000000000000000000000000000000000000000000	1793	1764	3557	1	0.5	0.495924	SNP
D_3_4_8289370_SNP	8289370	TP	0.0000000000000000000000000000000000000000000000000000000000000000000000000000000000000000000000000000000000000000000000000000000000000000000000000071717100000000000001302929230949812679150435353210252274051512999355887449944703479953462826575221637874350218328092571205693289995344539055839319960504077840786455	4371	494	4865	8	0.11111	0.101542	SNP
D_2_7_2232363_SNP	2232363	TP	0.0000000001105919999999999999981671598715574433566738226861203564510560681810602545738220214843750000000000000000000000000000000000000000000000000000000000000000000000000000000000000000000000000000000000000000000000000000000000000000000000000000000000000000000000000000000000000000000000000000000000000000000000	3779	44	3823	64	0.01538	0.0115093	SNP
D_2_6_4067953_Indel	4067953	TP	0.0000000000013741099999999999999876662847503874935645909241273103507108288567906129173934459686279296875000000000000000000000000000000000000000000000000000000000000000000000000000000000000000000000000000000000000000000000000000000000000000000000000000000000000000000000000000000000000000000000000000000000000000	4278	54	4332	32	0.0303	0.0124654	Indel
D_1_11_553859_SNP	553859	TP	0.8125960000000000000024320823133194835463655181229114532470703125000000000000000000000000000000000000000000000000000000000000000000000000000000000000000000000000000000000000000000000000000000000000000000000000000000000000000000000000000000000000000000000000000000000000000000000000000000000000000000000000000000	3269	2	3271	1024	0.00098	0.000611434	SNP
D_2_9_1977688_Indel	1977688	FN	NA	NA	NA	NA	256	0.00389	NA	Indel
D_1_4_1877302_SNP	1877302	TP	0.0000000000000000000000000000000000000000000000000000000000000000000000000000000000000000097585800000000000004182476592029096686883085765783768327121270832901734580321631759586562903408851508592957692880297028017509900738448171935620421345369520002082217777116252856494543590732649459378725748382050949664742957	3551	306	3857	8	0.11111	0.0793363	SNP
D_2_10_7173261_SNP	7173261	FN	NA	NA	NA	NA	512	0.00195	NA	SNP
D_1_7_2053185_SNP	2053185	TP	0.0000000000000000947627000000000000020902378655748445691218912021119177260981836230513408736442215740680694580078125000000000000000000000000000000000000000000000000000000000000000000000000000000000000000000000000000000000000000000000000000000000000000000000000000000000000000000000000000000000000000000000000000	4076	69	4145	64	0.01538	0.0166466	SNP
D_2_5_8184498_SNP	8184498	TP	0.0000000000000000000000000000000000000000000000000000000000000000000000000000000000000000003313410000000000000001582298664499311530943733631659372170476454681561573315526539056476888720316091993160963017178232562493695736679377315346362478970554325525187879937387555421748405518382885435862023222427158109060104	4738	323	5061	16	0.05882	0.0638214	SNP
D_3_5_7059076_Indel	7059076	TP	0.0000000000000000000000000000000000000000000000000000000000012577299999999999999884453680403421942918080783547000621929807654046172410942030775648062218377876605566457533360692519494112895153080322698514427920028545753545687335694935882202116772532463073730468750000000000000000000000000000000000000000000000000	3272	212	3484	16	0.05882	0.0608496	Indel
D_2_9_1977259_SNP	1977259	TP	0.2402150000000000000033913843955346578695753123611211776733398437500000000000000000000000000000000000000000000000000000000000000000000000000000000000000000000000000000000000000000000000000000000000000000000000000000000000000000000000000000000000000000000000000000000000000000000000000000000000000000000000000000	7954	11	7965	256	0.00389	0.00138104	SNP
D_1_2_6918509_SNP	6918509	TP	0.0000000000000000000000000000000000000000000000000000000000000000000000000000000000000000000000000000000000000000000000000000000000000000000000000000000000000000000000000000000000000000000000000000000000000000000000000000000000000000000000000000000000000000000000000000000000000000000000000000000000000000000000	3193	1428	4621	2	0.33333	0.309024	SNP
D_1_9_3096900_SNP	3096900	TP	0.0058584400000000000000581923832038144794864820141810923814773559570312500000000000000000000000000000000000000000000000000000000000000000000000000000000000000000000000000000000000000000000000000000000000000000000000000000000000000000000000000000000000000000000000000000000000000000000000000000000000000000000000	4000	16	4016	256	0.00389	0.00398406	SNP
D_2_6_4067912_Indel	4067912	TP	0.0004477059999999999999908983396024186873773942352272570133209228515625000000000000000000000000000000000000000000000000000000000000000000000000000000000000000000000000000000000000000000000000000000000000000000000000000000000000000000000000000000000000000000000000000000000000000000000000000000000000000000000000	4148	21	4169	32	0.0303	0.00503718	Indel
D_2_4_1019530_Indel	1019530	TP	0.0000000000000000000000000000000000000000000000000000000000000000000000000000000000000000000000000000000000000000000000000000000000000000000000000000000000137477000000000000003898812730010562977736992015808261963451080775574505928943273615296005214750647869761378085308992243692976631146690305127350254299578550	5543	536	6079	8	0.11111	0.0881724	Indel
D_3_4_8289273_Indel	8289273	TP	0.0000000000000000000000000000000000000000000000000000000000000000000000000000000000000001262660000000000000065175922625677312257358834908806043826765534096235081373954095509371711432018050937849832791607209784268830583703393493811660356352506871680741923347162985527951767710576708637923094705470464789997950749	5023	315	5338	8	0.11111	0.0590109	Indel
D_3_8_1057290_SNP	1057290	TP	0.0002396859999999999999994834250986557033780144365664455108344554901123046875000000000000000000000000000000000000000000000000000000000000000000000000000000000000000000000000000000000000000000000000000000000000000000000000000000000000000000000000000000000000000000000000000000000000000000000000000000000000000000	3748	20	3768	128	0.00775	0.00530786	SNP
D_1_4_1877730_SNP	1877730	TP	0.0000000000000000000000000000000000000000000000000000000000000000000000000000000000000000000000000000000000180490999999999999999420214202370376549721186388394125315319075377810337467195033240972472233552530844479274473363130711626285864534977239835386535229670176628325336566706087186982791206174215572053560016	3517	362	3879	8	0.11111	0.093323	SNP
D_1_10_641981_Indel	641981	FN	NA	NA	NA	NA	512	0.00195	NA	Indel
D_2_3_1817059_SNP	1817059	TP	0.0000000000000000000000000000000000000000000000000000000000000000000000000000000000000000000000000000000000000000000000000000000000000000000000000000000000000000000000000000000000000000000000000000000000000000000000000000000000000000000000000000000000000000000000000000000000000000000000000000000000000000000000	4114	995	5109	4	0.2	0.194754	SNP
D_1_8_7955775_Indel	7955775	TP	0.0002393559999999999999958877024749254180946422820852603763341903686523437500000000000000000000000000000000000000000000000000000000000000000000000000000000000000000000000000000000000000000000000000000000000000000000000000000000000000000000000000000000000000000000000000000000000000000000000000000000000000000000	3486	20	3506	128	0.00775	0.00570451	Indel
D_1_12_2831436_Indel	2831436	FN	NA	NA	NA	NA	2048	0.00049	NA	Indel
D_2_1_2594000_Indel	2594000	TP	0.0000000000000000000000000000000000000000000000000000000000000000000000000000000000000000000000000000000000000000000000000000000000000000000000000000000000000000000000000681852999999999999984819795222308821138186615325720550297434773016156486317289212872456725693739844569118662860583373677862106623101120916446	2235	536	2771	1	0.5	0.193432	Indel
D_2_9_1977736_Indel	1977736	FN	NA	NA	NA	NA	256	0.00389	NA	Indel
D_2_11_1050579_Indel	1050579	FN	NA	NA	NA	NA	1024	0.00098	NA	Indel
D_3_2_1985175_Indel	1985175	TP	0.0000000000000000000000000000000000000000000000000000000000000000000000000000000000000000000000000000000000000000000000000000000000000000000000000000000000000000000000000000000000000000000000000000000000000000000000000000000000000000000000000000000000000000000000000000000000000000000000000000000000000000000000	2055	958	3013	2	0.33333	0.317956	Indel
D_3_11_4194546_SNP	4194546	TP	0.1936830000000000000058694368809675268039427464827895164489746093750000000000000000000000000000000000000000000000000000000000000000000000000000000000000000000000000000000000000000000000000000000000000000000000000000000000000000000000000000000000000000000000000000000000000000000000000000000000000000000000000000	4403	8	4411	1024	0.00098	0.00181365	SNP
D_2_8_8034175_Indel	8034175	TP	0.0037340999999999999999021182278680086596978071611374616622924804687500000000000000000000000000000000000000000000000000000000000000000000000000000000000000000000000000000000000000000000000000000000000000000000000000000000000000000000000000000000000000000000000000000000000000000000000000000000000000000000000000	3664	15	3679	128	0.00775	0.00407719	Indel
D_3_7_6851000_Indel	6851000	FN	NA	NA	NA	NA	64	0.01538	NA	Indel
D_2_5_8184981_SNP	8184981	TP	0.0000000046776000000000000001065128565465223891336327133316785875649657100439071655273437500000000000000000000000000000000000000000000000000000000000000000000000000000000000000000000000000000000000000000000000000000000000000000000000000000000000000000000000000000000000000000000000000000000000000000000000000000	2900	35	2935	16	0.05882	0.011925	SNP
D_1_9_3097115_Indel	3097115	FN	NA	NA	NA	NA	256	0.00389	NA	Indel
D_3_12_631823_Indel	631823	FN	NA	NA	NA	NA	2048	0.00049	NA	Indel
D_3_7_6850877_SNP	6850877	TP	0.0000001586649999999999999960664128742689193973802730397437699139118194580078125000000000000000000000000000000000000000000000000000000000000000000000000000000000000000000000000000000000000000000000000000000000000000000000000000000000000000000000000000000000000000000000000000000000000000000000000000000000000000	4233	35	4268	64	0.01538	0.00820056	SNP
D_3_3_7622841_Indel	7622841	TP	0.0000000000000000000000000000000000000000000000000000000000000000000000000000000000000000000000000000000000000000000000000000000000000000000000000000000000000000000000000000000487882999999999999997246928221846863247416996728401392820448401268838654182638728628510180276760850140564431415301979181811531600354847	3771	581	4352	4	0.2	0.133502	Indel
D_2_12_3819423_Indel	3819423	FN	NA	NA	NA	NA	2048	0.00049	NA	Indel
D_3_5_7058834_SNP	7058834	TP	0.0000000000000000000000000000000000000000000882333000000000000004423917402256253908064073150325159745121817782943034784047803990929998243392168846581903355172798894502303457265668384934542700648307800292968750000000000000000000000000000000000000000000000000000000000000000000000000000000000000000000000000000000	3458	157	3615	16	0.05882	0.0434302	SNP
D_1_2_6918338_SNP	6918338	TP	0.0000000000000000000000000000000000000000000000000000000000000000000000000000000000000000000000000000000000000000000000000000000000000000000000000000000000000000000000000000000000000000000000000000000000000000000000000000000000000000000000000000000000000000000000000000000000000000000000000000000000000000000000	2971	1459	4430	2	0.33333	0.329345	SNP
D_2_8_8034589_Indel	8034589	TP	0.0007328920000000000000092985515121046802278215182013809680938720703125000000000000000000000000000000000000000000000000000000000000000000000000000000000000000000000000000000000000000000000000000000000000000000000000000000000000000000000000000000000000000000000000000000000000000000000000000000000000000000000000	3315	18	3333	128	0.00775	0.00540054	Indel
D_1_5_4106280_SNP	4106280	TP	0.0000000000000000000000000000000000000000000000000000000000000065269700000000000000477691892794842298826371172254581282113862135002381663813247191926398591473311750966726008274934658743610690417446129693719779709036639184707983283098564619706394296372309327125549316406250000000000000000000000000000000000000000	3936	225	4161	16	0.05882	0.0540735	SNP
D_1_11_554154_Indel	554154	FN	NA	NA	NA	NA	1024	0.00098	NA	Indel
D_2_8_8034457_SNP	8034457	TP	0.0896068000000000000002933417397876780796650564298033714294433593750000000000000000000000000000000000000000000000000000000000000000000000000000000000000000000000000000000000000000000000000000000000000000000000000000000000000000000000000000000000000000000000000000000000000000000000000000000000000000000000000000	4333	10	4343	128	0.00775	0.00230256	SNP
D_3_5_7058838_Indel	7058838	TP	0.0000000000000000000000000000013459800000000000000213508408499116348647440573064530496969240045759337315656227410208607589252316483197091656620614230632781982421875000000000000000000000000000000000000000000000000000000000000000000000000000000000000000000000000000000000000000000000000000000000000000000000000000	3495	113	3608	16	0.05882	0.0313193	Indel
D_2_12_3819192_SNP	3819192	TP	0.2742730000000000000067671562797855244753009174019098281860351562500000000000000000000000000000000000000000000000000000000000000000000000000000000000000000000000000000000000000000000000000000000000000000000000000000000000000000000000000000000000000000000000000000000000000000000000000000000000000000000000000000	3996	7	4003	2048	0.00049	0.00174869	SNP
D_1_6_6397260_SNP	6397260	TP	0.0000000000000000003465759999999999999962310185012599224042568159994536539339452679321651462629461093456484377384185791015625000000000000000000000000000000000000000000000000000000000000000000000000000000000000000000000000000000000000000000000000000000000000000000000000000000000000000000000000000000000000000000	3287	74	3361	32	0.0303	0.0220173	SNP
D_2_9_1977266_SNP	1977266	TP	0.3144360000000000000038719027983802334347274154424667358398437500000000000000000000000000000000000000000000000000000000000000000000000000000000000000000000000000000000000000000000000000000000000000000000000000000000000000000000000000000000000000000000000000000000000000000000000000000000000000000000000000000000	7922	10	7932	256	0.00389	0.00126072	SNP
D_2_6_4068101_SNP	4068101	TP	0.0000000000000000000488017999999999999992743822749386413133919971569502741185870873315451323737335087571409530937671661376953125000000000000000000000000000000000000000000000000000000000000000000000000000000000000000000000000000000000000000000000000000000000000000000000000000000000000000000000000000000000000000	3618	77	3695	32	0.0303	0.020839	SNP
D_3_12_631854_SNP	631854	TP	0.6563099999999999999947437878677902745039318688213825225830078125000000000000000000000000000000000000000000000000000000000000000000000000000000000000000000000000000000000000000000000000000000000000000000000000000000000000000000000000000000000000000000000000000000000000000000000000000000000000000000000000000000	3915	3	3918	2048	0.00049	0.000765697	SNP
D_3_8_1057475_Indel	1057475	TP	0.0007341669999999999999780721736918065456478643682203255593776702880859375000000000000000000000000000000000000000000000000000000000000000000000000000000000000000000000000000000000000000000000000000000000000000000000000000000000000000000000000000000000000000000000000000000000000000000000000000000000000000000000	3716	18	3734	128	0.00775	0.00482057	Indel
D_1_12_2831270_SNP	2831270	FN	NA	NA	NA	NA	2048	0.00049	NA	SNP
D_2_11_1050195_SNP	1050195	TP	0.8125870000000000000005100087019371812857571057975292205810546875000000000000000000000000000000000000000000000000000000000000000000000000000000000000000000000000000000000000000000000000000000000000000000000000000000000000000000000000000000000000000000000000000000000000000000000000000000000000000000000000000000	3597	2	3599	1024	0.00098	0.00055571	SNP
D_2_8_8034065_Indel	8034065	TP	0.0000000000000000000001071560000000000000038383727545450898459146961050349788906052615679065668705116642911434610141441226005554199218750000000000000000000000000000000000000000000000000000000000000000000000000000000000000000000000000000000000000000000000000000000000000000000000000000000000000000000000000000000	2866	82	2948	128	0.00775	0.0278155	Indel
D_3_5_7059041_SNP	7059041	TP	0.0000000000000000000000000000000000000000000000000000000000000000000000000118285999999999999995609740425260302611721405203546417869378368636933866466342135738828106439369063822378398536693198039826939189859392453446290400597770947304775825000971492471046289556570017690098617357818966411286965012550354003906250	3716	258	3974	16	0.05882	0.064922	SNP
D_3_1_4165641_SNP	4165641	TP	0.0000000000000000000000000000000000000000000000000000000000000000000000000000000000000000000000000000000000000000000000000000000000000000000000000000000000000000000000000000000000000000000000000000000000000000000000000000000000000000000000000000000000000000000000000000000000000000000000000000000000000000000000	1861	1986	3847	1	0.5	0.516246	SNP
D_2_10_7173572_SNP	7173572	TP	0.0153535999999999999997876264784535393914666201453655958175659179687500000000000000000000000000000000000000000000000000000000000000000000000000000000000000000000000000000000000000000000000000000000000000000000000000000000000000000000000000000000000000000000000000000000000000000000000000000000000000000000000000	4147	14	4161	512	0.00195	0.00336458	SNP
D_2_10_7173607_Indel	7173607	FN	NA	NA	NA	NA	512	0.00195	NA	Indel
D_2_6_4068128_Indel	4068128	TP	0.0000000000000493460000000000000004880553264476153168290873315677928789835249290263163857161998748779296875000000000000000000000000000000000000000000000000000000000000000000000000000000000000000000000000000000000000000000000000000000000000000000000000000000000000000000000000000000000000000000000000000000000000	3674	56	3730	32	0.0303	0.0150134	Indel
D_2_10_7173254_SNP	7173254	TP	0.1130879999999999999986334715817992702113770064897835254669189453125000000000000000000000000000000000000000000000000000000000000000000000000000000000000000000000000000000000000000000000000000000000000000000000000000000000000000000000000000000000000000000000000000000000000000000000000000000000000000000000000000	3325	8	3333	512	0.00195	0.00240024	SNP
D_3_8_1057618_SNP	1057618	TP	0.0244198999999999999995902583149742781642999034374952316284179687500000000000000000000000000000000000000000000000000000000000000000000000000000000000000000000000000000000000000000000000000000000000000000000000000000000000000000000000000000000000000000000000000000000000000000000000000000000000000000000000000000	4659	13	4672	128	0.00775	0.00278253	SNP
D_1_2_6918696_Indel	6918696	FN	NA	NA	NA	NA	2	0.33333	NA	Indel
D_1_3_373968_SNP	373968	TP	0.0000000000000000000000000000000000000000000000000000000000000000000000000000000000000000000000000000000000000000000000000000000000000000000000000000000000000000000000000000000000000000000000000000000000000000000000000000000000000000000000000000002464369999999999999923611558749312941673995693007755118996686500	2751	774	3525	4	0.2	0.219574	SNP
D_3_1_4165201_SNP	4165201	TP	0.0000000000000000000000000000000000000000000000000000000000000000000000000000000000000000000000000000000000000000000000000000000000000000000000000000000000000000000000000000000000000000000000000000000000000000000000000000000000000000000000000000000000000000000000000000000000000000000000000000000000000000000000	1434	1566	3000	1	0.5	0.522	SNP
D_2_1_2593658_SNP	2593658	TP	0.0000000000000000000000000000000000000000000000000000000000000000000000000000000000000000000000000000000000000000000000000000000000000000000000000000000000000000000000000000000000000000000000000000000000000000000000000000000000000000000000000000000000000000000000000000000000000000000000000000000000000000000000	2418	1671	4089	1	0.5	0.408657	SNP
D_1_1_6975048_SNP	6975048	TP	0.0000000000000000000000000000000000000000000000000000000000000000000000000000000000000000000000000000000000000000000000000000000000000000000000000000000000000000000000000000000000000000000000000000000000000000000000000000000000000000000000000000000000000000000000000000000000000000000000000000000000000000000000	1904	2167	4071	1	0.5	0.532302	SNP
D_1_4_1877739_SNP	1877739	TP	0.0000000000000000000000000000000000000000000000000000000000000000000000000000000000000000000000000027198899999999999999445297691928282366857434422285074166343066202774903377429844125155848210046036520078730904580454471007925733427762232565530724247815593811943617000515444370629542115007757129196034067241270807	3718	342	4060	8	0.11111	0.0842365	SNP
D_2_6_4067714_Indel	4067714	TP	0.0000000000000000000000000000000000001983379999999999999908137855572592517142896647802637473072850055606594451958144259624895183438806713815049861948658360688568791374564170837402343750000000000000000000000000000000000000000000000000000000000000000000000000000000000000000000000000000000000000000000000000000000	3669	136	3805	32	0.0303	0.0357424	Indel
D_3_9_6472979_Indel	6472979	FN	NA	NA	NA	NA	256	0.00389	NA	Indel
D_2_2_891385_SNP	891385	TP	0.0000000000000000000000000000000000000000000000000000000000000000000000000000000000000000000000000000000000000000000000000000000000000000000000000000000000000000000000000000000000000000000000000000000000000000000000000000000000000000000000000000000000000000000000000000000000000000000000000000000000000000000000	2885	1441	4326	2	0.33333	0.333102	SNP
D_2_11_1050371_SNP	1050371	TP	0.8125810000000000000172986625024407203454757109284400939941406250000000000000000000000000000000000000000000000000000000000000000000000000000000000000000000000000000000000000000000000000000000000000000000000000000000000000000000000000000000000000000000000000000000000000000000000000000000000000000000000000000000	3855	2	3857	1024	0.00098	0.000518538	SNP
D_1_2_6918824_Indel	6918824	TP	0.0000000000000000000000000000000000000000000000000000000000000000000000000000000000000000000000000000000000000000000000000000000000000000000000000000000000000000000000000000000000000000000000000000000000000000000000000000000000000000000000000000000000000000000000000000000000000000000000000000000000000000000000	3409	1307	4716	2	0.33333	0.277142	Indel
D_2_6_4067931_SNP	4067931	TP	0.0000000000048200700000000000001796912972883007689703495173266095674691200656525325030088424682617187500000000000000000000000000000000000000000000000000000000000000000000000000000000000000000000000000000000000000000000000000000000000000000000000000000000000000000000000000000000000000000000000000000000000000000	4240	52	4292	32	0.0303	0.0121156	SNP
D_3_4_8289038_Indel	8289038	TP	0.0000000000000000000000000000000000000000000000000000000000000000000000000000000000000000000000000000000000000000000000000000174134999999999999996273103543571648548010961631583165502580692692176692137003507312143528567523698738049703304819040093828070671418843980011898488406623369009296213180355289115265989279	4108	426	4534	8	0.11111	0.0939568	Indel
D_3_2_1985045_Indel	1985045	TP	0.0000000000000000000000000000000000000000000000000000000000000000000000000000000000000000000000000000000000000000000000000000000000000000000000000000000000000000000000000000000000000000000000000000000000000000000000000000000000000000000000000000000000000000000000000000000000000000092572799999999999999351976851	2637	869	3506	2	0.33333	0.247861	Indel
D_2_1_2594029_Indel	2594029	TP	0.0000000000000000000000000000000000000000000000000000000000000000000000000000000000000000000000000000000000000000000000000000000000000000000000000000000000000000000000000000000000000000000000000000000000000000000000000000000000000000000000000000000000000000000000000000000000000000000000000000000000000000000000	2240	1086	3326	1	0.5	0.326518	Indel
D_2_5_8185224_SNP	8185224	TP	0.0000000000000000000000000000000000000000000000000000000000000002862929999999999999975572225873299810560051265793137343631425762842517566693498693812464117538142185107464406863673217687685147183391103480908524648958106654282797350009794751235503440511820372194051742553710937500000000000000000000000000000000000	3411	224	3635	16	0.05882	0.0616231	SNP
D_2_7_2232410_Indel	2232410	FN	NA	NA	NA	NA	64	0.01538	NA	Indel
D_1_6_6396937_SNP	6396937	TP	0.0000000000000000000002398189999999999999937242267385092187860107541137015856438157203723795683411590395905932382447645068168640136718750000000000000000000000000000000000000000000000000000000000000000000000000000000000000000000000000000000000000000000000000000000000000000000000000000000000000000000000000000000	3859	85	3944	32	0.0303	0.0215517	SNP
D_3_7_6851203_SNP	6851203	TP	0.0000001064370000000000000004539112980273050761137465514138966682367026805877685546875000000000000000000000000000000000000000000000000000000000000000000000000000000000000000000000000000000000000000000000000000000000000000000000000000000000000000000000000000000000000000000000000000000000000000000000000000000000	3341	33	3374	64	0.01538	0.00978068	SNP
D_2_11_1050212_SNP	1050212	TP	0.8125859999999999999762030633565501602788572199642658233642578125000000000000000000000000000000000000000000000000000000000000000000000000000000000000000000000000000000000000000000000000000000000000000000000000000000000000000000000000000000000000000000000000000000000000000000000000000000000000000000000000000000	3627	2	3629	1024	0.00098	0.000551116	SNP
D_2_1_2594132_SNP	2594132	TP	0.0000000000000000000000000000000000000000000000000000000000000000000000000000000000000000000000000000000000000000000000000000000000000000000000000000000000000000000000000000000000000000000000000000000000000000000000000000000000000000000000000000000000000000000000000000000000000000000000000000000000000000000000	2342	1496	3838	1	0.5	0.389786	SNP
D_2_12_3818886_SNP	3818886	TP	0.6367789999999999999737154698919994189054705202579498291015625000000000000000000000000000000000000000000000000000000000000000000000000000000000000000000000000000000000000000000000000000000000000000000000000000000000000000000000000000000000000000000000000000000000000000000000000000000000000000000000000000000000	4572	4	4576	2048	0.00049	0.000874126	SNP
D_2_9_1977438_Indel	1977438	FN	NA	NA	NA	NA	256	0.00389	NA	Indel
D_1_3_374477_SNP	374477	TP	0.0000000000000000000000000000000000000000000000000000000000000000000000000000000000000000000000000000000000000000000000000000000000000000000000000000000000000000000000000000000000000000000000000000000000000000000000000000000000000000000000000004861759999999999999939489298427898021012564586749630802807292089881	3500	782	4282	4	0.2	0.182625	SNP
D_3_6_1515413_SNP	1515413	TP	0.0000000000000000025785499999999999999427399245823601809064927068590293985890851691245018173503922298550605773925781250000000000000000000000000000000000000000000000000000000000000000000000000000000000000000000000000000000000000000000000000000000000000000000000000000000000000000000000000000000000000000000000000	3445	71	3516	32	0.0303	0.0201934	SNP
D_2_4_1019410_SNP	1019410	TP	0.0000000000000000000000000000000000000000000000000000000000000000000000000000000000000000000000000000000000000000000000000000000000000000000000000000000000000002330809999999999999954137930172577879623331357988775054694120829749545797516395765061896603136385880359485053899083851598321041823915972355346282034779	3954	534	4488	8	0.11111	0.118984	SNP
D_3_11_4194413_SNP	4194413	TP	0.6563099999999999999947437878677902745039318688213825225830078125000000000000000000000000000000000000000000000000000000000000000000000000000000000000000000000000000000000000000000000000000000000000000000000000000000000000000000000000000000000000000000000000000000000000000000000000000000000000000000000000000000	3928	3	3931	1024	0.00098	0.000763165	SNP
D_2_5_8185091_SNP	8185091	TP	0.0000000000000000000000000000000000000000000000000000000000000000000000000000000000061014299999999999998118111202623543443673770415601479070820613905132717063890041799877364053130544662946345607191713034265278010607060337018695921801451866133267472335188491580791921920106998654999629196607461201380673276872812	3315	287	3602	16	0.05882	0.079678	SNP
D_2_4_1019165_SNP	1019165	TP	0.0000000000000000000000000000000000000000000000000000000000000000000000000000000212119000000000000006414079523246724435454055496813286905086139492374593493969864497564734843472062761726939374953936447240322959660864411852313331448630833172097615010747456132219796451219780044347128233634541816243768153071869165	3456	276	3732	8	0.11111	0.073955	SNP
D_3_1_4165375_Indel	4165375	TP	0.0000000000000000000000000000000000000000000000000000000000000000000000000000000000000000000000000000000000000000000000000000000000000000000000000000000000000000000000000000000000000000000000000000000000000000000000000000000000000000000000000000000000000000000000000000000000000000000000000000000000000000000000	1286	1054	2340	1	0.5	0.450427	Indel
D_3_7_6851179_Indel	6851179	FN	NA	NA	NA	NA	64	0.01538	NA	Indel
D_1_1_6974687_Indel	6974687	TP	0.0000000000000000000000000000000000000000000000000000000000000000000000000000000000000000000000000000000000000000000000000000000000000000000000000000000000000000000000000000000000000000000000000000000000000000000000000000000000000000000000000000000000000000000000000000000000000000000000000000000000000000000000	2228	1597	3825	1	0.5	0.417516	Indel
D_1_8_7955659_SNP	7955659	TP	0.0021885899999999999999485578595220802711196483869571238756179809570312500000000000000000000000000000000000000000000000000000000000000000000000000000000000000000000000000000000000000000000000000000000000000000000000000000000000000000000000000000000000000000000000000000000000000000000000000000000000000000000000	3680	16	3696	128	0.00775	0.004329	SNP
D_3_10_2446406_Indel	2446406	FN	NA	NA	NA	NA	512	0.00195	NA	Indel
D_3_3_7622969_SNP	7622969	TP	0.0000000000000000000000000000000000000000000000000000000000000000000000000000000000000000000000000000000000000000000000000000000000000000000000000000000000000000000000000000000000000000327195999999999999987325915724112306198764774870149002802202085613981404093450311268194730985433513182886334322736603475186277	3782	609	4391	4	0.2	0.138693	SNP
D_2_8_8034282_SNP	8034282	TP	0.0000000168561000000000000002204243817746775612083365292193093409878201782703399658203125000000000000000000000000000000000000000000000000000000000000000000000000000000000000000000000000000000000000000000000000000000000000000000000000000000000000000000000000000000000000000000000000000000000000000000000000000000	3878	36	3914	128	0.00775	0.00919775	SNP
D_2_7_2232686_Indel	2232686	TP	0.0000001072470000000000000015296575670701494315331658846446316601941362023353576660156250000000000000000000000000000000000000000000000000000000000000000000000000000000000000000000000000000000000000000000000000000000000000000000000000000000000000000000000000000000000000000000000000000000000000000000000000000000	3783	33	3816	64	0.01538	0.0086478	Indel
D_1_4_1878022_SNP	1878022	TP	0.0000000000000000000000000000000000000000000000000000000000000000000000000000000000000000000000000000000000000000000000000000000000000000000000000000000000000000000000000000000000000000000005855139999999999999956843414866917403839820729428654342570935628729382102250040063422332246576917793943296969746502335175	3729	623	4352	8	0.11111	0.143153	SNP
D_2_8_8034720_SNP	8034720	TP	0.0012696399999999999999752265224597924664351467072265222668647766113281250000000000000000000000000000000000000000000000000000000000000000000000000000000000000000000000000000000000000000000000000000000000000000000000000000000000000000000000000000000000000000000000000000000000000000000000000000000000000000000000	3168	17	3185	128	0.00775	0.00533752	SNP
D_1_3_374318_SNP	374318	TP	0.0000000000000000000000000000000000000000000000000000000000000000000000000000000000000000000000000000000000000000000000000000000000000000000000000000000000000000000000000000000000000000000000000000000000000000000000000000000000000000000000000000000000000000000000000000000000000000000000000000000000022413900000	3819	951	4770	4	0.2	0.199371	SNP
D_2_2_891488_Indel	891488	TP	0.0000000000000000000000000000000000000000000000000000000000000000000000000000000000000000000000000000000000000000000000000000000000000000000000000000000000000000000000000000000000000000000000000000000000000000000000000000000000000000000000000000000000000000000000000000000000000000000000000000000000000000000000	2868	1011	3879	2	0.33333	0.260634	Indel
D_3_4_8288769_Indel	8288769	TP	0.0000000000000000000000000000000000000000000000000000000000000000000000000000000000000000000000000000000000000000000000000000000000000000000000000000000000030151500000000000000100101877200082240130320973631039751524735648690038196025687976245063457871592133829290014548538407175607865372329693346473067672849833	3048	510	3558	8	0.11111	0.143339	Indel
D_3_3_7622616_Indel	7622616	TP	0.0000000000000000000000000000000000000000000000000000000000000000000000000000000000000000000000013763099999999999999834585661202119804807912692177125556489010615431111575798546651110408340782405812738734598258581523531209602320811281834490012860832442450517334821021140552485503636768003257302272148433192982655	2391	318	2709	4	0.2	0.117386	Indel
D_1_7_2053050_Indel	2053050	TP	0.0000000000000006534770000000000000078533356973248668789703182533521770439591258572420429118210449814796447753906250000000000000000000000000000000000000000000000000000000000000000000000000000000000000000000000000000000000000000000000000000000000000000000000000000000000000000000000000000000000000000000000000000	4031	66	4097	64	0.01538	0.0161093	Indel
D_1_10_642097_Indel	642097	FN	NA	NA	NA	NA	512	0.00195	NA	Indel
D_1_5_4105743_Indel	4105743	TP	0.0000000000000000000000000000000000000000000000054393500000000000000325657723755639577166367833799813770791915913276004803832204865638360073037994972402604714978648231643720252568695999739745161605242174118757247924804687500000000000000000000000000000000000000000000000000000000000000000000000000000000000000000	4380	176	4556	16	0.05882	0.0386304	Indel
D_1_8_7955610_Indel	7955610	FN	NA	NA	NA	NA	128	0.00775	NA	Indel
D_1_12_2831156_SNP	2831156	TP	0.5000000000000000000000000000000000000000000000000000000000000000000000000000000000000000000000000000000000000000000000000000000000000000000000000000000000000000000000000000000000000000000000000000000000000000000000000000000000000000000000000000000000000000000000000000000000000000000000000000000000000000000000	2534	3	2537	2048	0.00049	0.0011825	SNP
D_1_3_373933_Indel	373933	TP	0.0000000000000000000000000000000000000000000000000000000000000000000000000000000000000000000000000000000000000000000000000000000000000000000000000000000000000000000000000000000000000000000000000000000000000000000347571999999999999995104019204939047522317856668645734094278140299867268458613457779541573880447822	2709	672	3381	4	0.2	0.198758	Indel
D_1_3_374098_Indel	374098	TP	0.0000000000000000000000000000000000000000000000000000000000000000000000000000000000000000000000000000000000000000000000000000000000000000000000000000000000000000000320849999999999999991425248929743318898074681368650724926450524349865020913473441547040759693031126272780718464545339515460051282030381467790195694	2818	532	3350	4	0.2	0.158806	Indel
D_3_11_4194965_SNP	4194965	TP	0.6563159999999999999779551340672867354442132636904716491699218750000000000000000000000000000000000000000000000000000000000000000000000000000000000000000000000000000000000000000000000000000000000000000000000000000000000000000000000000000000000000000000000000000000000000000000000000000000000000000000000000000000	3559	3	3562	1024	0.00098	0.000842223	SNP
D_3_1_4165744_SNP	4165744	TP	0.0000000000000000000000000000000000000000000000000000000000000000000000000000000000000000000000000000000000000000000000000000000000000000000000000000000000000000000000000000000000000000000000000000000000000000000000000000000000000000000000000000000000000000000000000000000000000000000000000000000000000000000000	1758	1835	3593	1	0.5	0.510715	SNP
D_1_1_6974903_SNP	6974903	TP	0.0000000000000000000000000000000000000000000000000000000000000000000000000000000000000000000000000000000000000000000000000000000000000000000000000000000000000000000000000000000000000000000000000000000000000000000000000000000000000000000000000000000000000000000000000000000000000000000000000000000000000000000000	1901	2525	4426	1	0.5	0.570493	SNP
D_2_3_1817597_Indel	1817597	TP	0.0000000000000000000000000000000000000000000000000000000000000000000000000000000000000000000000000000000000000000000000000000000000000000000000000000000000000000000000000000000000000000000000000000000000000000000000000000000000000000000074718499999999999998255089323057288421317704340216924251537309231521841423	3967	766	4733	4	0.2	0.161842	Indel
D_2_7_2232869_SNP	2232869	TP	0.0000000000000003484679999999999999886822736735335982216179349959915426473977539956194959813728928565979003906250000000000000000000000000000000000000000000000000000000000000000000000000000000000000000000000000000000000000000000000000000000000000000000000000000000000000000000000000000000000000000000000000000000	4299	67	4366	64	0.01538	0.0153459	SNP
D_3_12_631561_SNP	631561	FN	NA	NA	NA	NA	2048	0.00049	NA	SNP
D_2_4_1019736_SNP	1019736	TP	0.0000000000000000000000000000000000000000000000000000000000000000000000000000000000000000000000000000000000498371000000000000005224619674367898198828886772711138599336798097663551240187659671470514255186074404774981710037540225539435215238573061086702020049768865130282771065623352854283835396934067179701907890	4276	368	4644	8	0.11111	0.079242	SNP
D_1_5_4105731_SNP	4105731	TP	0.0000000000000000000000000000000000000000000000000000000000000000000000000195293000000000000002148433422046096306561774951025473282925903615932054852851684828438589371482639197786624472761021887712523610774064232604956313464562205388077189325468623087215912773788664691387850780301960185170173645019531250000000	4250	263	4513	16	0.05882	0.0582761	SNP
D_2_3_1817065_Indel	1817065	TP	0.0000000000000000000000000000000000000000000000000000000000000000000000000000000000000000000000000000000000000000000000000005856849999999999999933592430020309674972007237216117213193805543071784110983121180592420090682967576606668359879268235133316171761643479206910751841806153006043951739513458241035069628568	4654	428	5082	4	0.2	0.0842188	Indel
D_1_10_641715_SNP	641715	TP	0.6367760000000000000092148511043887992855161428451538085937500000000000000000000000000000000000000000000000000000000000000000000000000000000000000000000000000000000000000000000000000000000000000000000000000000000000000000000000000000000000000000000000000000000000000000000000000000000000000000000000000000000000	4791	4	4795	512	0.00195	0.000834202	SNP
D_2_8_8034245_SNP	8034245	TP	0.0000000001108539999999999999988044520087173509818170911815637946773449584725312888622283935546875000000000000000000000000000000000000000000000000000000000000000000000000000000000000000000000000000000000000000000000000000000000000000000000000000000000000000000000000000000000000000000000000000000000000000000000	3864	44	3908	128	0.00775	0.011259	SNP
D_2_11_1050714_Indel	1050714	FN	NA	NA	NA	NA	1024	0.00098	NA	Indel
D_3_3_7623134_Indel	7623134	FN	NA	NA	NA	NA	4	0.2	NA	Indel
D_1_4_1877884_SNP	1877884	TP	0.0000000000000000000000000000000000000000000000000000000000000000000000000000000000000000000000000000000000000000000000000000000000000000049120299999999999999588412949513794994667679932291926653138974338842718923279232169615304015241612392000273876775874585160453246394769015705465475364994619182400156155283020	3469	457	3926	8	0.11111	0.116403	SNP
D_2_1_2593598_SNP	2593598	TP	0.0000000000000000000000000000000000000000000000000000000000000000000000000000000000000000000000000000000000000000000000000000000000000000000000000000000000000000000000000000000000000000000000000000000000000000000000000000000000000000000000000000000000000000000000000000000000000000000000000000000000000000000000	1935	951	2886	1	0.5	0.329522	SNP
D_1_8_7955664_SNP	7955664	TP	0.0021878999999999999999903695742028975068649288004962727427482604980468750000000000000000000000000000000000000000000000000000000000000000000000000000000000000000000000000000000000000000000000000000000000000000000000000000000000000000000000000000000000000000000000000000000000000000000000000000000000000000000000	3575	16	3591	128	0.00775	0.00445558	SNP
D_3_5_7058484_Indel	7058484	TP	0.0000000000000000000000145569999999999999993123345987580433828055036607353313469070327701478180146797691829618770498200319707393646240234375000000000000000000000000000000000000000000000000000000000000000000000000000000000000000000000000000000000000000000000000000000000000000000000000000000000000000000000000000	4312	93	4405	16	0.05882	0.0211124	Indel
D_3_11_4194770_SNP	4194770	TP	0.0895988999999999999980038536961934880764601984992623329162597656250000000000000000000000000000000000000000000000000000000000000000000000000000000000000000000000000000000000000000000000000000000000000000000000000000000000000000000000000000000000000000000000000000000000000000000000000000000000000000000000000000	4146	10	4156	1024	0.00098	0.00240616	SNP
